{"cameraMode":{"drawMode":0,"name":"Shaded","section":"Shading Mode"},"sceneLighting":true,"audioPlay":false,"sceneViewState":{"showFog":true,"showMaterialUpdate":false,"showSkybox":true,"showFlares":true,"showImageEffects":true,"showParticleSystems":true},"in2DMode":false,"pivot":{"x":89.51852416992188,"y":-54.367706298828128,"z":-18.6575927734375},"rotation":{"x":0.1937265694141388,"y":0.6898165345191956,"z":-0.2003154158592224,"w":0.6687171459197998},"size":123.73990631103516,"orthographic":false}