{"cameraMode":{"drawMode":0,"name":"Shaded","section":"Shading Mode"},"sceneLighting":true,"audioPlay":false,"sceneViewState":{"showFog":true,"showMaterialUpdate":false,"showSkybox":true,"showFlares":true,"showImageEffects":true,"showParticleSystems":true},"in2DMode":false,"pivot":{"x":-1.7852448225021363,"y":2.457810401916504,"z":-9.925460815429688},"rotation":{"x":0.23515725135803224,"y":-0.6711515188217163,"z":0.23769280314445496,"w":0.6621349453926086},"size":4.536835193634033,"orthographic":false}