{"cameraMode":{"drawMode":0,"name":"Shaded","section":"Shading Mode"},"sceneLighting":true,"audioPlay":false,"sceneViewState":{"showFog":true,"showMaterialUpdate":false,"showSkybox":true,"showFlares":true,"showImageEffects":true,"showParticleSystems":true},"in2DMode":false,"pivot":{"x":-0.855455219745636,"y":4.021620750427246,"z":-12.038518905639649},"rotation":{"x":0.12684008479118348,"y":0.4636301100254059,"z":-0.06787247955799103,"w":0.8746582865715027},"size":4.536835193634033,"orthographic":false}