{"cameraMode":{"drawMode":0,"name":"Shaded","section":"Shading Mode"},"sceneLighting":true,"audioPlay":false,"sceneViewState":{"showFog":true,"showMaterialUpdate":false,"showSkybox":true,"showFlares":true,"showImageEffects":true,"showParticleSystems":true},"in2DMode":false,"pivot":{"x":2.1596157550811769,"y":2.6985559463500978,"z":9.570581436157227},"rotation":{"x":0.03054634854197502,"y":0.4008364975452423,"z":-0.01328147854655981,"w":0.9157432317733765},"size":4.233773231506348,"orthographic":false}